Store,TFT_RMSPE,XGB_RMSPE,Ensemble_RMSPE
1,0.1034440642382719,0.18942182381672495,0.08784908334412811
2,0.11309588114064631,0.19890139746661137,0.11167862437156323
3,0.08635426377069118,0.2186877676258071,0.09769180364942567
4,0.09501317031065147,0.14544496955546707,0.07805291683856229
5,0.11214735221057699,0.1836061894440779,0.09382407634934992
6,0.10108001349785908,0.18663274967893886,0.08685954618691512
7,0.13242508932868527,0.1310947125150796,0.10220117904185037
8,0.08621669908871685,0.16634187465989492,0.08815400828508942
9,0.09130431759542927,0.1761077971818466,0.09224870630321269
10,0.11009514369030098,0.21591893707645554,0.11361924491394344
11,0.09700546303886369,0.16664847682047892,0.0880404470430087
12,0.14516893908811876,0.1704637328401033,0.13095817656504324
13,0.21174343650612282,0.38471111137950786,0.224354554307902
14,0.09753786230992195,0.13336122235348666,0.08295023417008221
15,0.10694233330575376,0.2136387316712205,0.1127624467707571
16,0.0807966095090914,0.16005955542060601,0.08568393529826357
17,0.11557538578613569,0.22997959350014444,0.1101376045175308
18,0.08313044825988589,0.17755984805161373,0.08776617776940596
19,0.10487854484674818,0.19600668629327797,0.09273486226187941
20,0.12897983258795334,0.18582135849744577,0.10669705490060803
21,0.1281510418999259,0.2891138426296789,0.14203957886602062
22,0.10759200793760612,0.22970824093839845,0.10251225190031185
23,0.1080175473314128,0.23612605592749486,0.10480963864382702
24,0.11193036043887934,0.19392548999045747,0.11432284120878193
25,0.08384791058108165,0.19246612142951683,0.08487983079370101
26,0.12024603585598784,0.2383858645848395,0.1187718720588581
27,0.15894348396758454,0.187217700373453,0.14467555581242023
28,0.08522925228398752,0.2039187461043679,0.07763787416005163
29,0.10748419521301228,0.1869744353768359,0.09903041052012888
30,0.11500794052221157,0.2437708388164243,0.11332279949568479
31,0.0815586923703071,0.1846459938678686,0.07223468159594343
32,0.09228924151228886,0.26635938980962387,0.1076439169266797
33,0.08424573819335247,0.17957965359923694,0.08922614057276151
34,0.08566118634099731,0.19184559856730246,0.07464904407758086
35,0.12717465577138415,0.15615685411019456,0.11677139244505401
36,0.12247267783096594,0.12089371686418209,0.09940153893567488
37,0.1297763263214017,0.22075606632570038,0.12554380694395645
38,0.08854122900150917,0.2346997652422737,0.09220274264018552
39,0.16510533156362062,0.20814463940414488,0.12650944503076042
40,0.11953685214415558,0.2675760522757224,0.12173967353967284
41,0.14423724083606015,0.2075062868639348,0.12837579636982832
42,0.12038486795493406,0.20973412000434008,0.12027328178058276
43,0.10550681762080835,0.24194304178615925,0.1057594938027329
44,0.13452563170942036,0.23855205116193887,0.12461386732915691
45,0.09797156455921863,0.21885667295162622,0.10609798737925752
46,0.2167362274025814,0.24339647182604737,0.1791987255654068
47,0.10137369856384461,0.17769754575218918,0.10337645280602248
48,0.10991281970907839,0.3145437043018408,0.11138477115428184
49,0.09676289485268655,0.21097705824458954,0.104608541125893
50,0.10712083999613341,0.26997510483044435,0.119852147306585
51,0.1071215540868421,0.17421574353637218,0.10282786779081964
52,0.14216681815931229,0.1843390190618066,0.12616450011719393
53,0.11212513013690163,0.21462130572566565,0.10547300224650173
54,0.1277464178930295,0.18217706622773608,0.1117110618181591
55,0.11429096784519285,0.20358115924927378,0.11284135944235932
56,0.08298042186926183,0.23239945043347668,0.10391053371995665
57,0.12829581873069332,0.1503349595780251,0.11160207101193903
58,0.16846805834603462,0.21833337253938315,0.15499821294428712
59,0.1218676161712894,0.2157648284495661,0.11710366515825775
60,0.1285947317645945,0.18614618257628252,0.12289200200285577
61,0.13523753154238377,0.18711330959013786,0.13166161901541573
62,0.08253086045836908,0.17668797646269016,0.08334916196998068
63,0.10614164445889235,0.2649930385070476,0.1188542530964239
64,0.08803204216824587,0.1883885909695389,0.08246568246996959
65,0.11026106926006744,0.18714043140671052,0.09971087430609601
66,0.09724651762687872,0.23603677432708675,0.11270954572078018
67,0.114183316505769,0.14939190229131677,0.10478323388761261
68,0.14204581405088343,0.14273586901071342,0.12070613718007964
69,0.08666587950479823,0.1666657717013131,0.08787309121280094
70,0.10301561356980554,0.18524067928111776,0.10039674765826824
71,0.07258540505951004,0.21872952689706,0.08076896115284364
72,0.15696611761552934,0.26780715128481036,0.1382235387917899
73,0.07331840993092521,0.19417498650919,0.07493387657810498
74,0.1127276930943762,0.22259315069841756,0.10797812359542365
75,0.08864234275502236,0.1349142303931958,0.08311487078756194
76,0.15503735108351027,0.17312825768074286,0.14377047591061665
77,0.11654445398238411,0.22476263728901258,0.1189545497353077
78,0.12432464258190526,0.25719840886953593,0.11110861933248778
79,0.10573957101787185,0.24251310116599734,0.11229573838775228
80,0.08071289188048823,0.2453018595611928,0.10201709106351435
81,0.10169063758113363,0.20162293960725533,0.09178115456095788
82,0.11019687262719649,0.252455071860284,0.12303448348621986
83,0.1300878535389089,0.3071168851675398,0.12410633134373915
84,0.080997482660154,0.15567141383467492,0.0718263642915317
85,0.09213461748394548,0.1879730032209391,0.0901342150821934
86,0.1633628263652135,0.266765928472998,0.1530342848806174
87,0.09720042089982167,0.17375266044245155,0.09132453670440598
88,0.08331985808443397,0.2778245247866903,0.08593409977129063
89,0.0931124539447464,0.1799241763359028,0.08896024467941782
90,0.10310249343927651,0.21562751937939034,0.10039601561291388
91,0.14535136044579164,0.2925515308159213,0.1404675372002261
92,0.09077068149975143,0.24920207837690064,0.09783728858031031
93,0.13093579828085325,0.2677609823399934,0.13162310245555325
94,0.0679451858438527,0.18518448839101156,0.070300252386155
95,0.09125418432954703,0.1569722308178502,0.07626316391651201
96,0.11981293454517258,0.23117073865220403,0.10681633129714249
97,0.09228119119630514,0.15026923066083353,0.08789802354060063
98,0.09117602023013147,0.20329530496915968,0.09693372715450643
99,0.113116768982165,0.2324721858067829,0.11753025894678101
100,0.1327365907259934,0.19738836792961117,0.12586066201393417
101,0.10639851660358265,0.19895017490773367,0.10261225172708685
102,0.15093230511078504,0.25288161223171285,0.14514820537525772
103,0.11935388004252574,0.13894248000456497,0.08679366284520845
104,0.08122709926812523,0.18637717455285865,0.08100219634521723
105,0.12127516402070584,0.19902433486707555,0.1041789034410174
106,0.09359391220241106,0.18635072420195906,0.09072811531116595
107,0.09149669714756224,0.22041001650856917,0.09301000800337153
108,0.09792666379418637,0.177342813001974,0.10159008110482431
109,0.08898220788078218,0.18466936020906666,0.08727648284478746
110,0.14221845713842854,0.19166348060839122,0.12867827046017108
111,0.09470467930884573,0.21887597502080416,0.10090495908867375
112,0.0946697942278805,0.18646750298873738,0.1035491612829349
113,0.1391299490221287,0.23141792577483744,0.13275508093216176
114,0.13256852281456058,0.22922438699539585,0.12561914467511082
115,0.09977227144139561,0.22125485561330632,0.1089079789824701
116,0.06703521737626507,0.18834460982088658,0.0722012914550752
117,0.11237182054995605,0.27424095899814216,0.10805892660230539
118,0.11895760882989705,0.21946867856878272,0.11739835948427002
119,0.10940389719929729,0.1789675014137098,0.09749853445018093
120,0.10739026805590335,0.2258333761246225,0.11955627408948118
121,0.11212271633665157,0.2622916425367373,0.1144139428142919
122,0.15390557980793954,0.12635992910879962,0.13583759056423889
123,0.09163409714606711,0.2750157666446997,0.09831311442296053
124,0.1612465803798173,0.3087189498894225,0.1566200174142432
125,0.09534313756755673,0.17156068661868928,0.09906145388223876
126,0.10486309066359353,0.2414140145357412,0.11025723869260738
127,0.16569383314356215,0.25918534679228833,0.14766299082622641
128,0.09301930934382832,0.18404404108881714,0.0995813513769854
129,0.16331202342334772,0.2195242086269708,0.15358987545882
130,0.10480870126831571,0.21031157533202535,0.09367563244855154
131,0.11693245154797638,0.23846166201671762,0.10198719705811235
132,0.08092142909188887,0.1790509984686907,0.08798452260500352
133,0.10238984435129016,0.18366435223671843,0.09029053575340194
134,0.06083219044555394,0.19359393969399713,0.06391059662980675
135,0.10425809688530722,0.22209960779202978,0.1096978572999816
136,0.12843429440855025,0.19475137084877864,0.10984266093693894
137,0.22452147892480168,0.19840034223116007,0.1858463037379751
138,0.08521589407741421,0.20737249309177105,0.08738059361886373
139,0.2147366064376664,0.3771125814747552,0.2345234163949847
140,0.09158033960955841,0.1480565420484537,0.08793400840551081
141,0.08551935253660342,0.17708032407301658,0.08185057438090768
142,0.09697794558349575,0.24105534051310562,0.09984979413975381
143,0.09890788982987236,0.2760738408844098,0.11928737883170078
144,0.12623160884014106,0.13902181188490847,0.10798506683347377
145,0.08041859559860635,0.17155515393735984,0.08319260362286125
146,0.08572649481966635,0.19023212219979221,0.08534824938050162
147,0.0616387376428643,0.17465900011994406,0.06591871305414328
148,0.05550405282447366,0.19423888903903394,0.06622582203861854
149,0.17879512804887635,0.2452847539191224,0.16764995485217007
150,0.10982212157677729,0.1588004688566352,0.09787183453491263
151,0.0816041775173883,0.1627317522820245,0.076649630611611
152,0.08517144850908846,0.22732951332366175,0.09186749120232543
153,0.156767090658571,0.2835780345352676,0.14991449831340914
154,0.09477532320950223,0.16192774828784579,0.09038035990578916
155,0.19495720836617636,0.31150659622238,0.1878978633977468
156,0.09250065017142897,0.26067070733382497,0.09611461969050042
157,0.07112888501314271,0.16637577211222612,0.07265904921415386
158,0.09201664094021539,0.17791444717927396,0.09643423813951206
159,0.07692489288027296,0.22078899593964613,0.08748384570804926
160,0.08208122801522863,0.19657532236252373,0.07863744453601303
161,0.09046014150071799,0.1684859507673479,0.08022106292217436
162,0.08938231224667421,0.22346135329272263,0.10126056977204527
163,0.10620445847118176,0.22739883529792926,0.10049881761237946
164,0.15709469520288993,0.20556013456775152,0.13965692316193337
165,0.08889612272073365,0.22344554734635516,0.08579967224432555
166,0.10674718130427414,0.15792808921992185,0.09872751117381288
167,0.10216821954665457,0.19112178499185564,0.10227754748379013
168,0.09814543777583572,0.23116021616967516,0.1128011000947478
169,0.0764858820866966,0.27290393451839107,0.09079141230615023
170,0.15629314892291082,0.23362073637837927,0.15183989156782882
171,0.09554055373063207,0.20092155119418528,0.09529353078006549
172,0.06896857334551067,0.19478566149054755,0.06622751115391341
173,0.09883289981956206,0.2180083965104787,0.10427937203433593
174,0.09889990515463808,0.17895171908012378,0.09714863888894787
175,0.08608559272127685,0.21244756286736313,0.09863410687514261
176,0.12486627006710194,0.27915429621819254,0.12200676296369811
177,0.10368665248901907,0.30653687769998955,0.10227994037902037
178,0.09162640255944984,0.17980754725569548,0.09185370016027071
179,0.10914265967233912,0.17041208856144496,0.10336233685472838
180,0.08339031688525418,0.2895460752345915,0.11316265615011617
181,0.14409769632726077,0.21553773455981964,0.12728231121789957
182,0.09061583943799296,0.2199730152948395,0.10052311726441043
183,0.3124112525785704,0.26422537522479567,0.25563152920015325
184,0.09454485194062957,0.17680457434151864,0.08783009026204443
185,0.153913306717913,0.22129401545323985,0.13921718621295695
186,0.0923865906387149,0.19952703754017667,0.09407205494382742
187,0.10188428555254864,0.1991963820433665,0.09374465629860632
188,0.1428022674753452,0.2648271444985866,0.14598401761945265
189,0.08817146900549634,0.16995992015097913,0.08836388761249474
190,0.08149876866510043,0.2227747780903663,0.08928997355790783
191,0.09501572929709849,0.190685752953692,0.09064704617887429
192,0.0878599130941351,0.13553777796106684,0.09365577158526432
193,0.13313876200887695,0.24842035581039768,0.1266555578577758
194,0.09206995881092257,0.1965616832135887,0.09490121596807878
195,0.07339354569101933,0.18819636507945986,0.07343790061840569
196,0.09640318580954836,0.15576296814386772,0.08772085910731546
197,0.10500018745344039,0.20057290413844242,0.10074181643828593
198,0.18420393463890805,0.6590116565340902,0.2033960136554941
199,0.08244577737886975,0.18019396010982944,0.08611799582576679
200,0.10674545917415976,0.21801779599738652,0.09112979902376425
201,0.1078769205922982,0.22716129158767673,0.09835558076420103
202,0.07770668905309142,0.16306175772106998,0.07894249737448261
203,0.0994117045202867,0.17117141056373938,0.09234782952562666
204,0.0827673933676844,0.2030828298799571,0.0905013094443652
205,0.08033950079016546,0.20546624289604287,0.08433417734385508
206,0.12231747647228416,0.19891567492458265,0.11813305295811796
207,0.08611476726292885,0.18285217871396872,0.0947390633507943
208,0.10741539223752111,0.19729183138193654,0.12706500936135026
209,0.14145706448605316,0.15787339801901917,0.1478199374607007
210,0.11396500958064472,0.3357347593903667,0.11516544638759381
211,0.07807930784278254,0.15646177145242363,0.08417812490734895
212,0.12463852451888381,0.2022062119609733,0.10365431898496404
213,0.1068514330344826,0.15808893040601324,0.10162058503028933
214,0.0953125235958216,0.19655469930018918,0.09462041561833714
215,0.17919813837569026,0.31968781831948107,0.17968216128408598
216,0.09378829338779116,0.20895833443018108,0.0901888242429587
217,0.08583948773274412,0.2545881233817883,0.0978847692213495
218,0.11096042903567943,0.2949649286653726,0.10797210206323779
219,0.10548705499512158,0.26470204609280285,0.11720660680390953
220,0.1512524677183951,0.26397419261155125,0.15123616064221473
221,0.0919596119020619,0.15563800661077784,0.08147308636823157
222,0.0898217182147905,0.19217597926821897,0.07667252599969027
223,0.11943549088578563,0.21767624096484317,0.117473591849878
224,0.08068719108976473,0.1701812942738848,0.08879373344090913
225,0.12306505369601266,0.16742941394704908,0.11705214411525108
226,0.10560254709189507,0.25415169212572786,0.11695811954873597
227,0.11265253723497216,0.2037193001217596,0.09674187688898907
228,0.07100916821877587,0.15795260882741782,0.07044209271562062
229,0.08856527476927195,0.14550096483401745,0.07979795042347082
230,0.07742814109647934,0.16501205659609533,0.07366259039593599
231,0.14970603426425935,0.2406066810011942,0.13725484447701625
232,0.17685266225478802,0.19804725361293396,0.13431707566680962
233,0.07957448465427891,0.19408215117167021,0.08563550277669596
234,0.12928343172719545,0.25672032675651857,0.13127336766248443
235,0.09999649050347761,0.22277754446550657,0.09618558578086038
236,0.08487536839835369,0.18766940784407166,0.08339014592336809
237,0.07696213582633904,0.176245836285691,0.07647317011933341
238,0.07909914430230021,0.19890115562682595,0.07656843478199452
239,0.07995928552162418,0.22988496264953043,0.08278720929891954
240,0.09067926936376208,0.2136512716803983,0.09532474446748761
241,0.09042538488828056,0.17615948962662267,0.076931870357922
242,0.11124420285115377,0.3093225023511938,0.12386524031933457
243,0.1492196224810564,0.23806191721222966,0.13774991565300204
244,0.18279454555605124,0.2554423544363061,0.15905009083373614
245,0.08051946189651271,0.11255891718560082,0.06328142817087952
246,0.09036093474225362,0.2017359928758786,0.08713351479479982
247,0.14157293594974338,0.18673061222798648,0.12587805447035913
248,0.12444366431122397,0.16604351856205815,0.11625046677990035
249,0.10046129801812316,0.18052489114624776,0.0891864586022412
250,0.11590585988294336,0.2048645054652948,0.11095962708668428
251,0.08901117411047213,0.14377875485073302,0.0852219821787552
252,0.07505938276231765,0.19005219532573267,0.08093241491930615
253,0.119539939116615,0.191900987562529,0.10969358602382688
254,0.15018201958619384,0.1987924702100128,0.12363706369531847
255,0.07418277820732658,0.20660094684498378,0.07033872586013605
256,0.13111609004633992,0.2314775842420216,0.13800075909673887
257,0.125771044073008,0.24695059555167076,0.12185109855889757
258,0.10618082662801179,0.19237327720329866,0.11202355278450264
259,0.05475834648021001,0.16250832541274216,0.06709056608461164
260,0.0677201253152926,0.1942187960740149,0.07135606689079829
261,0.09774915272706065,0.1706468319273281,0.09711771728256743
262,0.08310854432530114,0.19063689039186663,0.09371759846583319
263,0.08893697211948681,0.14777613112296767,0.10354137370750763
264,0.11143454999984803,0.21881603063090416,0.10970924589403379
265,0.1273255728167146,0.24913033622642852,0.12786973006684713
266,0.11585423154420646,0.18110060263190342,0.10829185527352847
267,0.1735425971556989,0.22014536063854914,0.1605305052739307
268,0.1266963358148524,0.21645553514461274,0.1177060680219191
269,0.3023636215549769,0.24355350952143398,0.25561160834132535
270,0.08039279288620194,0.14430095664080786,0.06908968707253714
271,0.14463359487301383,0.3523401726609339,0.14226673561237363
272,0.10546817262795645,0.21426869237697532,0.10133678830787611
273,0.08316829796690059,0.15706780031018316,0.06768836001692949
274,0.25848521422389376,0.14455939025416065,0.21795870199549305
275,0.10417524849371708,0.23328085398723247,0.11030452457060187
276,0.09906606016898654,0.17064261392602795,0.09718069675206378
277,0.13670708440812077,0.20677221736374587,0.12328088685856213
278,0.10598865208412532,0.18760000031113902,0.10052588827882426
279,0.2675527920684875,0.2542514101390726,0.23351203557930642
280,0.07339670624482061,0.13652575207965933,0.06561875742455113
281,0.08743653669757627,0.1857677115016921,0.08674703320451173
282,0.07587678356729634,0.17187019097476458,0.0757746270492962
283,0.139129720109856,0.24032209023278606,0.1374726401481625
284,0.10272659319606067,0.2138023265956997,0.09925199781864583
285,0.0926929837859175,0.21515926084799403,0.10071316871746284
286,0.19798183543501607,0.22347802207147166,0.1360665219093237
287,0.08807110408704383,0.1537406950020806,0.08573696659323174
288,0.18399739908632018,0.2576155538266412,0.16179948421564996
289,0.12070380273792698,0.225935867937454,0.11185006148024501
290,0.09084438641816078,0.21353124141618054,0.09253969025364284
291,0.08427554675761902,0.17523938911887849,0.08064738168724063
292,1.145215321305222,1.107293528399969,1.0530274086792246
293,0.09059435807023468,0.18357603988115526,0.08240895681345409
294,0.09836243157562626,0.15548995534658056,0.09786955211614375
295,0.09612637770345064,0.17580478710609343,0.10736280246041992
296,0.09049649364463336,0.1817142807277895,0.08874053235167653
297,0.09623492969728814,0.22389832468901982,0.10250487362839736
298,0.1254744319112165,0.214992401089055,0.12718990274997954
299,0.16218677893107689,0.12290560894086397,0.14190338375396197
300,0.11533900779578585,0.1932436002885652,0.11747206131945248
301,0.06956316882566412,0.1240003453488492,0.06903364940243191
302,0.14712069411175235,0.2016195233116792,0.12723659311113997
303,0.09574968422218207,0.21202434711791565,0.09170829548101048
304,0.09651937374733542,0.1747387547592011,0.09001934500207748
305,0.08983472179542133,0.2031785555924878,0.08726031252845379
306,0.08925725413915583,0.16047500811796617,0.09999776346367005
307,0.14679267310378324,0.4300681934357492,0.13347805228232149
308,0.12331562649900954,0.20115853844945306,0.1229775309228616
309,0.08391024828598215,0.21652349964946152,0.08880426420213265
310,0.10257369630229665,0.1505734339699286,0.10413570185389857
311,0.06955837840458595,0.13991554483756993,0.07339240149807476
312,0.0780251668258269,0.2140719825156048,0.0857007194781048
313,0.08826622503440192,0.1936960198429416,0.0809285928383852
314,0.10582755605766515,0.2083611215953618,0.10316502666211684
315,0.09999301394851008,0.24061000687050235,0.10353953300681594
316,0.08504245263335612,0.1625241371938631,0.0713523243757627
317,0.09554450651691113,0.17934543861237093,0.10278678326697645
318,0.11309880175088002,0.17114998322663483,0.10632193650664203
319,0.08511772649737893,0.1658152178558969,0.07913520929939447
320,0.09084305375421695,0.16238770339822167,0.09239350080863125
321,0.12171344811717871,0.17462940149485304,0.11104690163621612
322,0.10684552320765565,0.24352423447966684,0.10006557600197452
323,0.07741971895457639,0.15638128351720548,0.07439730451353546
324,0.14020561711282278,0.33322490910619484,0.13544594911254287
325,0.12466679194400389,0.24052156268213834,0.12576283770435925
326,0.07915423858887609,0.1532417594886449,0.08243605030361288
327,0.12550670963341215,0.19719389848243368,0.1174750285590075
328,0.08722979242861868,0.19651513782189106,0.09082366436178811
329,0.09532385581739519,0.22295752446842537,0.10039553736020183
330,0.11465050176410331,0.22720308277731954,0.10819631780414633
331,0.08904760828871992,0.14947986215534914,0.08355846931338429
332,0.10490156870605481,0.23204152291591573,0.07009776222620188
333,0.08099428243038859,0.13370788412594184,0.07870404858684607
334,0.0964154728859375,0.1629644846550307,0.09730938761364621
335,0.11899182582899034,0.1296243528997752,0.10755614403575912
336,0.07105902629267792,0.16645492242227866,0.07951417612329077
337,0.09808081810737719,0.17218903404087604,0.09808808413289831
338,0.11994075305972851,0.19877598676253067,0.11687924665806289
339,0.13948822161997385,0.21721541768261174,0.1312162492847435
340,0.08432431127534804,0.1911513418404129,0.08683229524073242
341,0.09525404650004765,0.1805173079760432,0.09338856765197036
342,0.07886882498506581,0.13698213084922736,0.07884727770724954
343,0.10334889372434955,0.21776599368967156,0.10549253228850061
344,0.08829574363864427,0.13874747810521385,0.08408305605639864
345,0.14272996276168756,0.22977138805423342,0.13995914778247026
346,0.08868311376081764,0.14138179936266895,0.08191370722754146
347,0.11655015419035226,0.17060485328825728,0.1103091629808127
348,0.13298327891014838,0.14390290663660266,0.11980449598552033
349,0.11496859231662648,0.11713076370960779,0.09255870202472004
350,0.11047930942182571,0.2718783238732336,0.13261463065250553
351,0.10347175112282103,0.2051091676518664,0.10042805805112136
352,0.07474165102176514,0.14630621180964665,0.07149677927442312
353,0.08191728004504818,0.14746428804702857,0.07714082213236184
354,0.07969638245867135,0.1870465523921515,0.07841316154529307
355,0.08212045710010067,0.13447840135574649,0.0698189951738792
356,0.07571734575518473,0.15221462023480994,0.07641288093328072
357,0.09216584076748105,0.15158624900939166,0.0875509179932851
358,0.08050236244072073,0.16534243905753776,0.07746408909263296
359,0.07400229749364148,0.16704265192258924,0.07630661684203917
360,0.09464464590578249,0.180947136693304,0.0927243154443789
361,0.1311522304104979,0.22232067189777097,0.11918522630197778
362,0.08370988614712259,0.1518681864831404,0.08197721367256523
363,0.10400958788158368,0.17948380283016344,0.09647742821375994
364,0.09951105839177012,0.16514002555177185,0.09370034065998802
365,0.09144015433497511,0.200924940131434,0.10034609503863748
366,0.10768568744411404,0.20849419693217908,0.08846942741769531
367,0.09307479247941532,0.2259119008096284,0.09561278236099391
368,0.12970693819697893,0.21369346966560618,0.13115005086235004
369,0.07586989814188246,0.16652244913724135,0.08222307492949586
370,0.09481475133563036,0.21580615641019982,0.09006676711601311
371,0.10629526669629807,0.24335090920890448,0.10851841342675861
372,0.09311659078302857,0.17241188118290351,0.09022477428479851
373,0.10908190413060827,0.1872825135396496,0.09986980778919183
374,0.06922670788032524,0.16847844551625699,0.0636301620716556
375,0.10553126786023345,0.1876306973951473,0.08773003455251258
376,0.13448488629269711,0.16236148400432632,0.1151126266438746
377,0.08900856629702587,0.15020365480555967,0.08711456580207762
378,0.10678966856116354,0.17933036859424178,0.10551353005193907
379,0.09476964700830799,0.22878081543486073,0.09537595668384292
380,0.10843240596974207,0.17559243653668416,0.10704555871153133
381,0.06616856776850986,0.15264269109405204,0.06546450267765616
382,0.10694714790635666,0.1795655753339305,0.09598152182690109
383,0.06836536870958355,0.13032398642624368,0.07223609535142872
384,0.14552800265347499,0.1622199197918314,0.12876573499545768
385,0.15329273780372152,0.2905255497283584,0.15109671295395155
386,0.08822949816963113,0.14832754252603383,0.09103386828101187
387,0.1123231763602146,0.16252052544627985,0.10312444617762596
388,0.07576524511450881,0.15578249816505577,0.07356368983887582
389,0.07871912859672407,0.12736841079555342,0.07450531494382236
390,0.07278012331992624,0.14808449969621806,0.07397944295402296
391,0.09883258173415917,0.2315871017859109,0.09446825823826968
392,0.11793118049130157,0.20652846006713596,0.11215175308691427
393,0.0999640487172625,0.19839301681030008,0.09900261649020697
394,0.08574328690623052,0.16458468161672163,0.08540479128179025
395,0.10923732868180513,0.1883715099813897,0.11092900922569177
396,0.07895935260706832,0.17495856777258598,0.08279076552868485
397,0.10268094089954641,0.2112624869846732,0.10136359795553603
398,0.1208814195913766,0.18964633896799468,0.10933859549731986
399,0.1236979483718447,0.2016065156596135,0.12487493881569879
400,0.15930451524757444,0.16182239952715624,0.13427206726967666
401,0.12289073769066093,0.20423861356056713,0.12138333816182259
402,0.13574615303574578,0.1890471372316371,0.1267999650208219
403,0.07986946989410776,0.14890844912961554,0.08179192534373896
404,0.09643144246718392,0.19206875718194175,0.08034886050611244
405,0.12202927389414597,0.20869039111609253,0.11480215463959993
406,0.08246260765525215,0.19285844569596058,0.09601191739426568
407,0.08458517729752554,0.19790865513031977,0.09029083238762622
408,0.09442665367463879,0.22123899262463131,0.10024977423732923
409,0.11449530204528871,0.20029672497810552,0.1268249463177987
410,0.1239418081682084,0.20251726646887436,0.11353975243278078
411,0.09497440154600405,0.2138433200794229,0.10685628897629078
412,0.11589927542309096,0.18539888409161565,0.11840166103709619
413,0.10722525639465136,0.169586234291841,0.10830455134032996
414,0.07379336755097249,0.16415281610622404,0.07742018466699171
415,0.10772844465018341,0.14022168570098836,0.09213732387745656
416,0.06662137237264608,0.13165483784048518,0.0708103891295165
417,0.13911089224741205,0.21225448490409748,0.1293984880111631
418,0.10904926135759285,0.21356829612817502,0.10507352895135127
419,0.10370791751131786,0.1825961399104045,0.08506024918801487
420,0.11074853563610429,0.1601345422155356,0.10297883012799937
421,0.18828304070547516,0.14457183503634136,0.1503442617422055
422,0.0817475870706644,0.1973434356783805,0.07919715868181439
423,0.09350020297078399,0.11676168836825443,0.08609077066155989
424,0.12363728028314713,0.1593484076103054,0.1059321879649435
425,0.1326344183897211,0.2747503100583767,0.12332361327530479
426,0.09527472530495522,0.1746129150725468,0.08857312920963543
427,0.208999742985815,0.20398177517538169,0.1794879693838732
428,0.10396910732761336,0.15009156231515314,0.11132624499619671
429,0.13007998776974988,0.19771626019805785,0.11312687319997158
430,0.09664345629207881,0.16813187072673338,0.09999527284644283
431,0.06147193639798513,0.1718063068801902,0.06610856172938682
432,0.09297524739101135,0.14051493893641406,0.09238816169808745
433,0.15226337542977725,0.19657599323394803,0.13174665512970934
434,0.11840008903040322,0.173998701145595,0.11585746739503874
435,0.10899101356860535,0.3039888724157194,0.09876118085667158
436,0.08792016334907549,0.13738852155296777,0.0871679454790776
437,0.20566924440903317,0.244534507901226,0.19456087099320227
438,0.10505016129376488,0.17876096218027102,0.10053425483072477
439,0.12442567976491968,0.22378789653255463,0.11534624816427495
440,0.11609377546676114,0.16040120582539794,0.10250548578034387
441,0.10562096946284191,0.19213124877282534,0.09699011524451479
442,0.1058466260958349,0.23514344225483694,0.10195525356862116
443,0.12674962621167277,0.148257295423057,0.10292316911723003
444,0.16019792816977366,0.15618760807231621,0.13641999666491045
445,0.1183590274488967,0.18010723009185778,0.12196407101300111
446,0.10284273863786952,0.19719907579397963,0.09696550668023911
447,0.0991236695928746,0.13705318931200897,0.09873166064295104
448,0.11302293639821077,0.22525347982768681,0.12281705794533287
449,0.12163909372150039,0.15301858514295769,0.11648729779564942
450,0.11160927678911058,0.20328175720383485,0.11385883681184977
451,0.09743639881494932,0.1834302547114977,0.10460978577236546
452,0.08445711863027469,0.16051215443844405,0.08667686577701224
453,0.1365048271517863,0.13305623657984125,0.12130913532128898
454,0.10275500298945223,0.27082771594491667,0.08823958535382666
455,0.11983575156726087,0.21274607646608668,0.12162228842021307
456,0.08719817976579061,0.198099645581133,0.08674671227004054
457,0.10708341974984834,0.21450758248057983,0.11125588523648078
458,0.10668147349543573,0.21415536280485187,0.10516133355178381
459,0.08310732569825664,0.17990637282780605,0.08200047809280217
460,0.12414634470559067,0.1971482705581642,0.12715136623110412
461,0.1624341035553044,0.18131211952763876,0.131757778121454
462,0.13912685455446244,0.269449029422053,0.12697849431223715
463,0.08190034409879311,0.17955939116339117,0.0769931606988526
464,0.10449234139081118,0.12184360552252176,0.0832581898953149
465,0.08440832218731534,0.18016341114950585,0.0843552421810973
466,0.12072863797694003,0.23377276745688572,0.12104937558649534
467,0.10090144385612555,0.1493156100676061,0.09674997781822255
468,0.17305590064706594,0.22976221201190283,0.1482120673889053
469,0.08243602811989734,0.1836247490333435,0.07905402732667778
470,0.09866515000024022,0.16483558008762328,0.09493602320207195
471,0.09661710974972476,0.24386066324523437,0.10831521933235286
472,0.08628406834362704,0.14794976846556082,0.07576419026587951
473,0.11732034210085901,0.2665155510423722,0.10666509388154878
474,0.12293751120374387,0.22374807127041305,0.12173583179911243
475,0.11974928845042375,0.20213761580412204,0.12094531133572373
476,0.07938629497505756,0.16332467623738664,0.07969905498586757
477,0.10474331075206673,0.21645654303482856,0.11605317006246424
478,0.09606722889584407,0.1610027798127399,0.08291585348332554
479,0.1168169213806496,0.1548058924623985,0.11140062499825913
480,0.11830635033432309,0.16627756144250463,0.08497167576798487
481,0.11034099000238003,0.20881406776385547,0.10459039050486317
482,0.1411550990794313,0.18696856390101393,0.1248275166883148
483,0.1187742377512677,0.2901481972215522,0.10261942513375726
484,0.09262451869085424,0.18538714424775413,0.08950362851205415
485,0.08790447556898266,0.19622789667903118,0.09305702975225147
486,0.10285200010659754,0.23640110480931115,0.11024853466409788
487,0.10846638487766186,0.18365893443900905,0.10364705205030181
488,0.1078768704391329,0.17245852988004584,0.12215423120151817
489,0.0705593921296924,0.15888648880245818,0.07108662568415088
490,0.07861776709959743,0.1369069635268539,0.07834548220272894
491,0.09974190703033825,0.17395564753055737,0.09124236868989737
492,0.16115788633137315,0.15819597758392992,0.13157074854052528
493,0.08874391393039573,0.13586553181597918,0.07447843608034288
494,0.07549756751213382,0.1043344425332129,0.06495175153773157
495,0.1268958746008133,0.24198121146396936,0.12289074098843313
496,0.09056553880769633,0.12763223465566198,0.07380367816147995
497,0.09461271626619609,0.14881396642442618,0.08968241691268136
498,0.05893356699647241,0.19651891060562132,0.054981342754285796
499,0.11571826795915514,0.18916827173118625,0.10097664242787299
500,0.09989679839274884,0.15613348011794892,0.10702700830327017
501,0.28136645880901384,0.34687075867475975,0.26037042622539947
502,0.11332257691713328,0.1606928624556574,0.10948921551084272
503,0.12367418831052254,0.2010706543413401,0.11604363558319483
504,0.08485792104212468,0.15352485115081915,0.08017799201955124
505,0.13061028668261981,0.20882205870653536,0.11034000784899752
506,0.07819194316624689,0.15386405697818023,0.07561853881095533
507,0.10200012495542754,0.18109683582545852,0.1020593714187097
508,0.10522106936655559,0.1709138957712724,0.10291827605987318
509,0.11795219708867574,0.19255859858143526,0.11349489084501384
510,0.07396132567558272,0.17384955739765373,0.0801500419335951
511,0.09062443046984564,0.13439872630292424,0.0875908845226334
512,0.0911173780224899,0.13588742776826862,0.09067736138872758
513,0.07003082108876686,0.18677874491720786,0.08888242633414647
514,0.16848336658340946,0.21160368397339663,0.14302052495185805
515,0.08026851347485996,0.20650289222425952,0.092779650320185
516,0.171853580399735,0.2448775939168413,0.16547741442405436
517,0.08017270905953289,0.16449422490021115,0.0814346027490366
518,0.2052785243550287,0.2273014719133103,0.1751872889078334
519,0.12520440643118816,0.18832529960956926,0.10595107282421477
520,0.1507744486353513,0.17399311130235676,0.13818690064310385
521,0.09708301598118296,0.220294824256762,0.10206529327623863
522,0.12952034802103615,0.19123420774214764,0.13117251358088186
523,0.07625049301564132,0.1444195646706671,0.06680499516279309
524,0.08425715798068502,0.1948535611521972,0.09427535155875291
525,0.08066938802401666,0.1442884575243752,0.07674535255393079
526,0.16246401824652676,0.2018939900404825,0.15455067818177154
527,0.09720448620160181,0.17066383860791906,0.09393095946311014
528,0.08921039857320412,0.16964578883577391,0.08604508446905586
529,0.07406148096294056,0.17569777488426677,0.07725541421312633
530,0.17878844471108532,0.10122873405639915,0.15723720129401897
531,0.07965118040765971,0.16651698094747058,0.08045410409233565
532,0.0665522032418681,0.1508446172309186,0.06026746447665345
533,0.08772879773580267,0.12318373894285885,0.0801868517689598
534,0.3462184161548339,0.43344961639014695,0.33734016307876985
535,0.10377559197984598,0.1618637118877333,0.09470038287509093
536,0.10721100012193005,0.16938542236813853,0.10106191176337749
537,0.11697437181244683,0.18311039419534547,0.1065479525585712
538,0.11863539601955352,0.17416478203870087,0.09435091399520641
539,0.09411115135685383,0.1410556012041718,0.07677914025439116
540,0.1294805568269592,0.1971197844732614,0.12472249114632694
541,0.11741330839038142,0.20730023446344062,0.10925125719166404
542,0.0965330131389089,0.17888787881032114,0.10143208170511053
543,0.17456784443945614,0.29325321556334405,0.14706924247199857
544,0.0967028274878154,0.11945623172635848,0.08747138617120905
545,0.06953870112200072,0.14162223302771615,0.0713916478386505
546,0.10244353582848852,0.11669033307064189,0.09627445525629308
547,0.1275233818286305,0.15724332314014203,0.11689214734044145
548,0.17540033640997083,0.22152949112491105,0.14560714164652355
549,0.08460616102152083,0.19939866157177993,0.08534658230458089
550,0.3288057434921433,0.21906710269572632,0.2381759648710729
551,0.1125348144893885,0.1392462553769614,0.09576397252319153
552,0.1310124668404204,0.204480468524908,0.12312426423409216
553,0.09723916509645349,0.24170012960304202,0.10881985808393474
554,0.1414457120669449,0.2045871357650579,0.1380240857375953
555,0.11282861854799997,0.16549351334890744,0.09657481280657837
556,0.08258057441553174,0.13235087916127436,0.0717786553614115
557,0.14818556103209488,0.25020893899211855,0.1351150784725913
558,0.14224036954887395,0.18140421883933278,0.14512530287677608
559,0.10776666204231791,0.20096498055754783,0.0869561239025921
560,0.0813709208883093,0.13162533644894117,0.0797507382726844
561,0.13749597762908214,0.21015430476783425,0.12493751349519885
562,0.05728181841418337,0.08579967877680976,0.05775133370748713
563,0.1935738559455239,0.2190769036502298,0.16303452792732984
564,0.08877212145255745,0.17912807155955132,0.08813583824161755
565,0.08301422383167074,0.15250311215433943,0.07155677022394756
566,0.08959003166373192,0.1739493338682597,0.09138037919501164
567,0.12257947277682384,0.18990554012201105,0.10892750302052386
568,0.07803747666283542,0.17621568698384663,0.08019030899198017
569,0.07265433798891312,0.15124700431301458,0.07447435725024924
570,0.14104985843592838,0.23749849111933438,0.1269798647538915
571,0.12182030729738369,0.24226967545466663,0.13094021581923057
572,0.10400578007502173,0.18781305791992076,0.10371209310769713
573,0.13003380958503968,0.20999753536449095,0.1181668623820654
574,0.07894254045545979,0.16710666663495333,0.08433579834483476
575,0.26909490807494485,0.3026985143694638,0.2282044980083642
576,0.09472937276925578,0.25873094284538356,0.10603386727469166
577,0.1281339728359518,0.20019012999593214,0.11707017312857922
578,0.15850284729898872,0.10423283944839999,0.14049171742255329
579,0.09114971416492729,0.19576721020599852,0.08504990647283603
580,0.10599111683371269,0.1496716033417306,0.09972035688620812
581,0.12356432800650267,0.2029203427517577,0.10063180163193888
582,0.20860839342023058,0.22910228033890565,0.17792150819156946
583,0.09612144853520699,0.17097968368892216,0.08097207298249444
584,0.10299346778367204,0.22115483416642742,0.10135290280916193
585,0.10550592832797738,0.15823655598819267,0.09146690861050316
586,0.11536857770881317,0.14279086355627513,0.10987580365367375
587,0.1410070985976995,0.18245692770445548,0.13732034626244682
588,0.07481461919410066,0.18026752116728645,0.07705374866325525
589,0.15920897946469748,0.19494606689619098,0.13178594928096907
590,0.10472326761718687,0.17613343642185478,0.10925520172200519
591,0.11606672230439402,0.1748310848551479,0.1051482695559155
592,0.09531101441837972,0.2430668049269555,0.10650540100215165
593,0.0864884714717112,0.16088285564110316,0.08430142098146899
594,0.105343653691525,0.16147317777390818,0.1048731594767576
595,0.15332894211851317,0.15354912852589767,0.13014815006765432
596,0.14791861080766902,0.11044197372632329,0.14084689911344156
597,0.11228248994655492,0.14808882146136573,0.11058951683206707
598,0.08231889988054701,0.1453603166099659,0.08232211115550159
599,0.07402607091571843,0.1684107174114418,0.08255128406666622
600,0.08148697584091388,0.18776445031183545,0.07952503800743514
601,0.09846360519607311,0.1935724520213851,0.10601627680524384
602,0.09483268731551964,0.17315311610989084,0.09321491713532704
603,0.14934540304885888,0.1758253424724212,0.12403618806028745
604,0.15283679428371144,0.19017120725464148,0.1351270941709422
605,0.1394462235129038,0.26411102791365276,0.14674095159768288
606,0.09724730694955087,0.1432113969081088,0.0867141132980643
607,0.17101312708996552,0.46772136656202545,0.16303170787774762
608,0.1328368023257697,0.21662766870096084,0.132109821478219
609,0.08629952071230797,0.15491176151949504,0.09449643291608034
610,0.1408130854709788,0.2086154974068303,0.11599572634053512
611,0.10457477063438837,0.18911159221938542,0.10243684227417
612,0.2536228817507939,0.3782642200603397,0.2556896370992828
613,0.10659377018577709,0.1636388121612845,0.09859991223369033
614,0.09742577850563432,0.12947979637741366,0.09400244435917125
615,0.07217121968254707,0.18190504989107956,0.07718873972469698
616,0.07518669592416954,0.17248717023140556,0.0744553176096458
617,0.1273431077704604,0.1806884797295646,0.11397480399472437
618,0.06975081272754567,0.17165914166432286,0.07730513183759277
619,0.10773414878168412,0.18502813817201766,0.09860681632556074
620,0.08403508967416452,0.13647981274016924,0.0850577962447602
621,0.0890638221803186,0.15678698789812887,0.09279723948842834
622,0.09745060978509086,0.20353069807226676,0.09555873951179153
623,0.17114288350178433,0.25325291840214204,0.16185673373123904
624,0.08335138899784275,0.2230238183042654,0.09239431749242254
625,0.1072903181818554,0.2000979416681245,0.1053723519594317
626,0.11089266907848087,0.16976967335916648,0.09987033990636628
627,0.09515419845174265,0.1954905626571856,0.09787043975221542
628,0.12526786388907538,0.21525245932712256,0.11861474439557462
629,0.1756479340071226,0.19601880516045914,0.15324990103692768
630,0.10273905605709874,0.18735176387420013,0.08678645198559061
631,0.07509987989392314,0.1922904569788561,0.08042379138376674
632,0.058705082917519746,0.18077655535287365,0.07113643262195843
633,0.14134371037477433,0.2517182304645487,0.14014018541525353
634,0.08914597144224765,0.162139676511718,0.07830186086753187
635,0.09085132237414173,0.20219772935788913,0.0758303326026658
636,0.21943850362697026,0.3151081818501688,0.20899502961623942
637,0.07203932148021926,0.11392683010861877,0.06977827927012173
638,0.08108292612603535,0.18703848141392046,0.07833860117686237
639,0.1235584643599267,0.27460468015957984,0.11758826225453287
640,0.08965035991348681,0.14481490041900313,0.07946511861084954
641,0.1586186985852337,0.22219335665663176,0.13735071917408062
642,0.13950444028896233,0.22294091594208285,0.11425394130055663
643,0.08024827516053047,0.14656180017155135,0.07191590190410913
644,0.1764271566947197,0.20365495616975798,0.1591959308967752
645,0.14425355950842983,0.18762528903418432,0.1370254712906134
646,0.08779860363075664,0.1340777570587753,0.09259243690952212
647,0.09166674279108367,0.1974335937995677,0.09659810775305881
648,0.09178662975661882,0.19421001472484514,0.09266064011570038
649,0.16372737302328377,0.35443643379000056,0.1379152104916924
650,0.09198891089221956,0.21123739917180176,0.09960337579869726
651,0.07157031798064478,0.14755033490882977,0.06881182071602121
652,0.08493445532535526,0.18420946538435767,0.08173180894864725
653,0.08979431979991213,0.15674867235659304,0.08507400399919057
654,0.08372362080612243,0.16651339205215432,0.07931872193308802
655,0.1031023885674279,0.19716360839034175,0.09655263892377068
656,0.0991731512460448,0.18114628768063884,0.10618207992098053
657,0.21814484127137007,0.20575316436196575,0.17544260890762528
658,0.09909812294261908,0.18689173338404338,0.09043931094995691
659,0.08946845586936455,0.16097582652033587,0.07396843385496807
660,0.09536594149431178,0.17640666277743738,0.10126672481431549
661,0.1092975028358427,0.17231972231686618,0.10307574955723754
662,0.18786267302417747,0.24130143274107477,0.16434533910611207
663,0.1046335442440124,0.19869383523738804,0.11132914334677901
664,0.07559933398076812,0.14483560760399566,0.06334490811173427
665,0.10546849849089267,0.16732474867477287,0.09762142530116441
666,0.11761778820764111,0.2776084132940179,0.12799578586007182
667,0.07803953433055866,0.16708476396817734,0.07468431839502938
668,0.09187359041574406,0.15788026925100843,0.08339131742879927
669,0.09173701770776023,0.1749078188309651,0.09478594837751464
670,0.0876435673170414,0.1832701555036561,0.08959476814594867
671,0.09880441832488497,0.16459832727026036,0.10763766291990787
672,0.07249389647328496,0.11261464381538948,0.06552571241989424
673,0.09430034078574177,0.15351060961439678,0.08694942444236092
674,0.08429177223976388,0.164561704380473,0.07847722798031594
675,0.1802227806138701,0.2847662170247616,0.17086051105102518
676,0.07278480396667639,0.17406182138487958,0.07054465908280509
677,0.13164168891941916,0.21057016244933854,0.12554978168674485
678,0.1246837828350343,0.1955762255928365,0.11961468868862069
679,0.07389795517845811,0.17682107443856174,0.08295090425220555
680,0.1318086646475909,0.1549144280126006,0.10938581686625007
681,0.12890692263298542,0.22009664008434454,0.12456799845713216
682,0.06078637205666174,0.08167050300007132,0.06028718948310642
683,0.10908174247938571,0.1745474355906874,0.099281045697547
684,0.10791319097874401,0.2523737679583921,0.12334717650572952
685,0.16689948705406094,0.2680448097581057,0.1616526369267208
686,0.0696653439330595,0.17639068207952754,0.06421378815123364
687,0.09089030727029687,0.16475144783237947,0.0881701426223567
688,0.13497144436100345,0.36484989839515086,0.13976023841797333
689,0.10121419999778258,0.26836531104595285,0.11046181697757171
690,0.08907200125815741,0.17301718360957946,0.0901040272952555
691,0.149909708823374,0.21371036476014843,0.146939796911746
692,0.13838551199521482,0.24414023313886923,0.14053036199459418
693,0.14680062117976547,0.23628790446551085,0.13364422927393987
694,0.07321831563464169,0.17478260744089769,0.08173541887469206
695,0.1946821365353901,0.2422038096363688,0.17846161517273482
696,0.1279156886651426,0.1786206083875204,0.12073742539482113
697,0.1033352139658869,0.17014594334897784,0.09482708227121182
698,0.09101930214308197,0.10211674168203949,0.07912958049558579
699,0.09722521392589581,0.14236180172714946,0.09810943627299551
700,0.09806967905169323,0.20895789464059866,0.09212719287547398
701,0.2184691481909615,0.2770433021102816,0.18751679306437202
702,0.14264904315263388,0.23747529893573818,0.12797331479631352
703,0.1414661490955412,0.23202906561206657,0.11994150180402559
704,0.06777250702258097,0.11628544784533593,0.06600928767119577
705,0.12708147129823263,0.21784975455838923,0.12656968167704474
706,0.09046469521941045,0.18502374179222125,0.0876856513524185
707,0.11638502029538834,0.18790689102854613,0.11106667565207226
708,0.11733794810423236,0.13896127834159144,0.10471041961683435
709,0.09520531890568205,0.14750925594863992,0.0905731079181456
710,0.2551639286783113,0.28987362814751083,0.224425360635628
711,0.1464955299616896,0.279146598154028,0.14752614322305568
712,0.11832080835192503,0.18999249775416907,0.11536483020194845
713,0.13543879267298126,0.24343874859552309,0.1446510513679212
714,0.10606816276370878,0.18629482872385136,0.10500793570079003
715,0.09566325776477047,0.22085481969798737,0.09002495752012722
716,0.1314101467208646,0.2131931811826285,0.1308182916325571
717,0.13012830650189075,0.23678285392267615,0.12054161132939856
718,0.10310113600752542,0.14458736733416339,0.09565720662626945
719,0.15639479663073474,0.2706457857216131,0.16048212905065157
720,0.08074113714587965,0.1857266689120138,0.07681229485733589
721,0.08002349510800476,0.18114264939839067,0.07782535775935823
722,0.2930781715204058,0.19286752537859136,0.22904891143273276
723,0.08378563275848765,0.2139699957886536,0.09762030710935903
724,0.11933672859808003,0.1715868388252549,0.10423412967993037
725,0.0934591899769158,0.19282669038353423,0.09013769463006699
726,0.10121310444710852,0.13708696618716673,0.08111650320730873
727,0.0889731816364927,0.14084136989495552,0.08953942135373742
728,0.09444502500336331,0.2039328037823766,0.09499529476836163
729,0.08068432069139195,0.16606011139052812,0.07461993918364472
730,0.12703827775340887,0.179055655364009,0.11245336408491043
731,0.09918837155072247,0.1802328146973436,0.1009438667733125
732,0.1746777464226065,0.10759923655693247,0.15675215543308596
733,0.04945776930189257,0.07404661331880029,0.047327177151698985
734,0.13140344201045348,0.2350061958219189,0.11982390539883502
735,0.10875978004401438,0.16172388875744342,0.0869224551991475
736,0.1697121859698074,0.25563527239525285,0.15839348009827087
737,0.16137512029224166,0.2368680191482383,0.16126307165725498
738,0.07977588381109482,0.149529249939041,0.0729297588468292
739,0.14879279416927246,0.18717651098603805,0.13350405452371059
740,0.09510776509710334,0.1699198947556344,0.09188174917921617
741,0.08034057320493374,0.15874721800907776,0.08055571775981989
742,0.07141642545570327,0.16410728839032634,0.06729695496995508
743,0.12433904775376814,0.2103043556112738,0.12318699124201506
744,0.07547280143161789,0.2170604687500863,0.08523895761848746
745,0.08581905281017638,0.2100346183665298,0.08647285872446926
746,0.10588624553624852,0.23032047379114717,0.11098962772053751
747,0.11049868180612038,0.16414424960703877,0.09958519331573369
748,0.1056799352086166,0.22492520045727848,0.10800581865786571
749,0.10313373514516067,0.19776007819628966,0.09322779950206621
750,0.1751555450623283,0.23335689948775531,0.1493045707794134
751,0.20332678569152052,0.23246274458322477,0.1682240746500086
752,0.09144149231020059,0.16655544111691498,0.08672859335273568
753,0.11253079734837362,0.19591077922815053,0.10721876308618737
754,0.11380909404002248,0.18365281851869777,0.09725366446697645
755,0.08930363252877217,0.15245810096316448,0.08520468016449358
756,0.11772841568494255,0.14381404582253093,0.11443585277382644
757,0.12313116938097404,0.18495747722821085,0.11885722578154335
758,0.08634196455434318,0.17739636072312934,0.08219522143995064
759,0.10993926932825537,0.21120048718801374,0.11272962747136044
760,0.08347571214923677,0.14879011028194014,0.0763219516451642
761,0.08063112791773967,0.1888073475354339,0.08705972818536438
762,0.15953390002890308,0.27834943624595765,0.14532630595185358
763,0.07994905658440356,0.16504047620535617,0.07250587873623372
764,0.09890504558629973,0.2260987472976278,0.0985999846094487
765,0.10475145655272908,0.15488570837496968,0.1037195002891687
766,0.09631704623439623,0.1689880327782416,0.08803352274679901
767,0.09619303636609919,0.1952289562918519,0.09220520844259712
768,0.08043249405041467,0.13235450824584585,0.07231006595516826
769,0.09494684638037851,0.11490863460148457,0.08847639274653082
770,0.14931015129499503,0.2215102175577242,0.1216727420374961
771,0.0838195296571761,0.1632783054415884,0.08425652796920019
772,0.11329543449862574,0.19280843902361988,0.10252497182555591
773,0.10424616247833343,0.14435332491198072,0.09133686973982337
774,0.05587061358922842,0.12902277451902494,0.05946779638851729
775,0.11791402943369021,0.18350463506500475,0.1125039479619382
776,0.14370116288205656,0.20577665615149085,0.14354564246038293
777,0.10451636312341983,0.20337083898375766,0.1010482129812193
778,0.08193056519497856,0.15632932157800702,0.0838402731269878
779,0.1086330134261021,0.27621373831714563,0.10940551759551344
780,0.10448671051965398,0.17806287882544677,0.0893228443611623
781,0.13268409664304945,0.19839358149753594,0.1057084097751295
782,0.48813301074222276,0.5091871579434816,0.4536681812284725
783,0.08539910022205943,0.1595956742172001,0.07754482038366536
784,0.13741809006304953,0.19190329858845742,0.12657181890632696
785,0.11259709138492677,0.23079931199094147,0.11179553152258892
786,0.1576701303184265,0.43020796361695846,0.1288357219605254
787,0.10719493884782873,0.12685624848123456,0.08611378599318308
788,0.0710644068363949,0.15134441860472306,0.07934823746826648
789,0.10181690077114872,0.16081698526878668,0.09858909879665594
790,0.08020753338986682,0.22558311960858304,0.09670182229269246
791,0.09139774062521439,0.20412832469620887,0.08856028899212684
792,0.07869151215107972,0.250633851803756,0.08892358597796143
793,0.14151390498317845,0.20603262889378857,0.11137327826997691
794,0.09832381306809887,0.1514149767535546,0.09972024841907337
795,0.12244073575592151,0.2636370291888197,0.11226343198934932
796,0.08448857748657396,0.1879204943036747,0.07553216075195061
797,0.09572699260905428,0.20092713988362443,0.10953428959956865
798,0.09968608600830016,0.23040489506339992,0.09270383465276107
799,0.10421270073298,0.15327661140571847,0.08844126338817586
800,0.12396298702390514,0.1922168384677912,0.09696440018378659
801,0.14020605326795751,0.1556282066923363,0.12372240464105205
802,0.08515633003781961,0.19366611887966315,0.08069753112443898
803,0.12291450151806606,0.2072224433640478,0.10779424072191675
804,0.09921860547407085,0.19566365888096834,0.0990836357406018
805,0.14019904099461147,0.20353469360145537,0.11346002273856316
806,0.14458505363273735,0.22698350292901945,0.1314062872697995
807,0.07326163575093299,0.18437112188345975,0.08162525395069731
808,0.10276556975829693,0.19961645179656662,0.10910329375312168
809,0.09318875270546932,0.20414866013353725,0.09731125503144927
810,0.0777858232800753,0.16482498905516943,0.0813977351417481
811,0.08927336327478348,0.16715802278629546,0.08828582469548188
812,0.0909565322043166,0.1332859340189945,0.08770155661898998
813,0.10265572694612414,0.1649314211174539,0.10056067459863985
814,0.08631906095688097,0.16012055429213565,0.07842442742915469
815,0.09607076885802253,0.2368168960436492,0.10426602119751059
816,0.11450961187914092,0.24128709136185122,0.10823056382348084
817,0.05984049121104906,0.15779328480253194,0.0737422492411909
818,0.1370723347063748,0.1969823463632712,0.11265649414313392
819,0.08578483739813858,0.13567879109676884,0.0825432841724051
820,0.09812600964229082,0.15329782789591023,0.09934581796049417
821,0.08733692233101029,0.18795090000526213,0.08620973064304914
822,0.1263929869968398,0.1942946857204608,0.11588674068140813
823,0.09827741457030505,0.216032596521878,0.10208455609778769
824,0.08230589411686087,0.1756437308598555,0.0804378211287207
825,0.09988574097916399,0.14777477221778004,0.10853905090492724
826,0.08911725229402719,0.19621653807995507,0.09618733698332124
827,0.11126749498839286,0.09515301136050242,0.10586042344745451
828,0.12602895250314755,0.16949949911486112,0.10018524761865179
829,0.11305912547918813,0.2133105947712063,0.12286343739281912
830,0.09629740115686257,0.1726776127978009,0.09337861650887014
831,0.12539441667257878,0.18150990779213327,0.12177467515281798
832,0.09306531831628673,0.23180674028513518,0.10177066679351376
833,0.0984348113935523,0.23370604887657503,0.10089439391620264
834,0.10604045612309887,0.1822260261323558,0.10471688976799304
835,0.08958475359573194,0.16286740362955993,0.09042425376042028
836,0.08213501935302125,0.1702158391170377,0.08399967024365043
837,0.10193041765946029,0.18984633599638798,0.08671285925652272
838,0.07210058911702508,0.15420582200907973,0.069373276523641
839,0.14545404037381415,0.19323183513127062,0.09892512851313066
840,0.18470519031949575,0.27281319484213007,0.17135616069011933
841,0.14023725292878744,0.3213919948240316,0.10412960616287664
842,0.10507447533895997,0.1432624751507774,0.10862116486417796
843,0.12465906387427782,0.15512226564440165,0.10103035765789849
844,0.10660383656775026,0.2356804612077238,0.10459075343652137
845,0.14080271533155056,0.19704403208282226,0.1394235462493681
846,0.1236678262253444,0.2249926675139621,0.12928190204598805
847,0.10114409760540867,0.20277814023314317,0.09753226911794496
848,0.15857190406973476,0.22715307288940723,0.15479003782243086
849,0.07889397650497972,0.1370332372341458,0.07153925229604378
850,0.14261826628871155,0.2433457296233322,0.13736511383528852
851,0.10862519949732258,0.22559469378340283,0.11055443847467727
852,0.13191119446323638,0.22819918601732758,0.12223320066755168
853,0.0690970270645166,0.14000589970489674,0.07289978823373389
854,0.18376371307532732,0.20836587474742022,0.1625466031693311
855,0.07761342679525346,0.15540315113926695,0.07646993881762541
856,0.07830505299282726,0.19170329684108256,0.07992737710134361
857,0.07775838761323475,0.21200059134975766,0.09372726586144005
858,0.09511978172942011,0.13811057304435365,0.10125988488209811
859,0.08299395896892511,0.17126269380298217,0.09070497942961012
860,0.09803460994739428,0.19190455766250378,0.0916156151689218
861,0.10112384842311788,0.20788538262348663,0.09858752062158677
862,0.08090999984730726,0.1664569828991745,0.08221981112704718
863,0.11008409617246664,0.14334788321089306,0.10773802536109837
864,0.0983175537615317,0.1644696378305953,0.09942870680768286
865,0.09782587241248607,0.22449226752278206,0.10051455541954647
866,0.0941274267374735,0.21925375454475304,0.09816315653451373
867,0.10905256428351953,0.20611027563714285,0.12967969232647922
868,0.0863871772146986,0.18101239879688277,0.09278946866883452
869,0.18260933109456629,0.17432581331368294,0.1462700881774652
870,0.117519761442965,0.2071523382229963,0.11491942849652356
871,0.16529194727664281,0.2326083161713268,0.15572400746855047
872,0.07932481027406278,0.1582398777617047,0.07830168237054436
873,0.08435371637315868,0.19245320747715644,0.09253499075012084
874,0.078810415586428,0.19620617085813744,0.07632986360748766
875,0.10985677859334893,0.18066598973468895,0.08517017865154361
876,0.4529604990435131,0.5558757242443295,0.4497445468891686
877,0.09591802036847692,0.3097871163839502,0.1143824315055284
878,0.06274187452966312,0.1294378497539945,0.059663495272758514
879,0.11298235288554778,0.2149729503240855,0.10794531486224235
880,0.08389555122343816,0.1598132166036895,0.08467519644717987
881,0.10941184704292063,0.19529194586961743,0.1050181870263365
882,0.07837070830857572,0.13282907131510094,0.073374409242332
883,0.10090801984878627,0.20556741153588756,0.09797885896111487
884,0.09792590883086855,0.17904458906509946,0.0902163220161281
885,0.06936671039117256,0.13249059017267803,0.06834878755888125
886,0.09457628706574223,0.22564348900860642,0.09604031169574949
887,0.10347511573767743,0.21224774277353992,0.10338825985275461
888,0.07978545924597898,0.1771713316510056,0.07903093739391466
889,0.10572889963045791,0.23203991336443477,0.09923137538270621
890,0.10286170275166195,0.2180969108689245,0.11439235131845941
891,0.11907798435380011,0.1548548737134557,0.11068852583264814
892,0.09293684572940292,0.22216877658268427,0.0846950012146029
893,0.09119189124054938,0.146234405448534,0.08582891460546102
894,0.10017966228661074,0.19860281644344624,0.09881772203840296
895,0.08606539105759142,0.1522099380542249,0.08753829202983769
896,0.08176011728702243,0.16540979843603965,0.08290922308391167
897,0.0989443554939266,0.18642075746116007,0.08652137802447674
898,0.19241369909754244,0.28492496774392573,0.16496390959765223
899,0.14229413792680046,0.21700802931725208,0.124276584241233
900,0.10260921317854722,0.17916431767979812,0.10624312162065788
901,0.09345773168036119,0.1588997103437271,0.09017541518546897
902,0.18421291456408528,0.10824097266643086,0.10771579192802691
903,0.09128039122094535,0.14375140107927895,0.09393944564399137
904,0.10788573776489452,0.16573214142845832,0.11340242357631684
905,0.1487382708788786,0.19376072478011153,0.13608081682693576
906,0.10326322968677593,0.1370214860522111,0.09487581436217533
907,0.11590683731991737,0.18649728331331455,0.11434387864321602
908,0.15147551204102294,0.21329194822277583,0.11943208148498247
909,0.8469314096860772,0.6174911234674556,0.7685713392113176
910,0.09915922597534506,0.19717276189411637,0.09789854372879395
911,0.074344444387507,0.14288623472139114,0.06863873846846431
912,0.11506775084755123,0.15158177315246596,0.10275089304797283
913,0.11154967620049765,0.17560195337164858,0.1126550725472945
914,0.08317336594725314,0.1784176493812063,0.07213789804795341
915,0.12993593734515382,0.24444903488263647,0.1422834534845764
916,0.1417406177086256,0.20459670272629524,0.14153786576354943
917,0.08929043696832233,0.21272719777710225,0.09378814395673055
918,0.14720155586334907,0.17198721503789194,0.11761568717499704
919,0.09025034086591248,0.1816935832748582,0.08850332358193257
920,0.09164237415172523,0.1733790368241481,0.09983004913342484
921,0.11588717457487442,0.22312203491172927,0.11673463922912894
922,0.07716193055321276,0.2168323338547648,0.07035068273405629
923,0.06322824879133197,0.11923744617573283,0.06782431618969037
924,0.1374097769980294,0.2349382828613141,0.1291538589648762
925,0.1149865951840312,0.169164285634822,0.11506298446585543
926,0.1760878488771272,0.27541602037433194,0.16793377982104354
927,0.14640867539606345,0.18971998396736114,0.12921036464193883
928,0.13185895676910336,0.216214777847753,0.1261150720670746
929,0.08129979730471106,0.1385380743511666,0.07496621610155432
930,0.10636551502801413,0.2070316584272666,0.10253533866061107
931,0.2116024806770143,0.13278765045744084,0.21235127493086386
932,0.13139946989033913,0.24565203051636467,0.13947245247297776
933,0.10118459985125312,0.1901407810123757,0.09287696856384024
934,0.08872056069706223,0.1925618330409507,0.08682027047135411
935,0.08197379454453417,0.16980255497924376,0.08021730581467
936,0.08467649741784203,0.22581903385073906,0.09418981614816455
937,0.10857726236029253,0.2549449330215883,0.11913267356420801
938,0.06923884059159192,0.1479382769235883,0.06955619539821974
939,0.09671994068078643,0.20779942925107464,0.09168879433167455
940,0.09334339788096524,0.1579858309604335,0.09014703906034342
941,0.1139919845995028,0.16964732686310363,0.11258465548487233
942,0.11469419381733163,0.2473100149500807,0.12345576201663808
943,0.08540501795175537,0.19892961976066553,0.08519571055804884
944,0.15312397618314577,0.16044933827977784,0.1304012330506428
945,0.09651551002838682,0.1912078679358289,0.07849938754360276
946,0.08542734457747149,0.16053159460017596,0.09115567581449785
947,0.25120173848138905,0.2724501137729942,0.23143482489917386
948,0.08590546151539985,0.1625910291010559,0.07606621746146651
949,0.07433865907984263,0.1637291604215193,0.07045505273234914
950,0.10008293250726827,0.1919823092731528,0.09459064357679221
951,0.11920330427792394,0.2176481108580695,0.11940725443671645
952,0.1017510211332119,0.15018247317318342,0.0904996862264291
953,0.12046358057540726,0.25354489507848116,0.11204961428202656
954,0.1330467508453289,0.2014857855664258,0.12819370629147053
955,0.08594973091074706,0.20706440320128203,0.09382603281567295
956,0.15535422015154687,0.3326192885041364,0.14902795664584176
957,0.11427963149755549,0.22015549834088863,0.11400915897838643
958,0.0766930494780248,0.1302243531665291,0.06062633703430369
959,0.07931063677455895,0.17841000645977803,0.07128208282701153
960,0.09779000726048148,0.22570586638675355,0.1032916656116471
961,0.09435367932459576,0.211547040057251,0.08765724256465597
962,0.10118081248026758,0.18406100226622812,0.0904710453594599
963,0.10002684883193722,0.20193954837487652,0.09736699122203828
964,0.16357158663007607,0.18667854081400226,0.14753953467657455
965,0.14262856465090734,0.18803584561625505,0.13560324260451706
966,0.08720586596714837,0.1676060310010825,0.08576660003467837
967,0.11278548914019587,0.21124990967632062,0.11747511380642724
968,0.08735262702772437,0.1504762390199396,0.07954022362608824
969,0.09817796878174999,0.17017751042666662,0.09405685022088227
970,0.17854323127666355,0.3440456238544641,0.13044835627066903
971,0.15548783083882023,0.15545111116035054,0.12816905180118218
972,0.13385740314264674,0.35592615341959727,0.11741571460228936
973,0.12468897624804175,0.17533948110264805,0.10928199909381119
974,0.0645648688138096,0.11192524649270774,0.06844074766880871
975,0.12225144665019551,0.2176309213342179,0.1252233420985107
976,0.08204308509162359,0.21447121556196552,0.08481194946606817
977,0.18447506660478744,0.222007374949626,0.15213873183459908
978,0.10407068699119199,0.1508446187782656,0.08960302113273771
979,0.10888066843822841,0.1999054484104692,0.1064496309815852
980,0.13571485380671489,0.2397609476200439,0.127589460970882
981,0.11143164035495814,0.1864704329412766,0.10137778451248956
982,0.12005938111186884,0.16019446299537668,0.11154199836567123
983,0.19093939780105046,0.2076218837760485,0.17413725810656475
984,0.167053008495345,0.28392749106164206,0.16624586824975024
985,0.12286628345981017,0.18761201547552553,0.11975301277898678
986,0.12244983652764277,0.19832108330640147,0.10747823338126077
987,0.09821242651485786,0.21297643409053996,0.09640229113150657
988,0.15525552781225951,0.21887110033709564,0.16023758936018825
989,0.11975876451933297,0.16404811735525548,0.1083026127745681
990,0.07935967370455667,0.15878577931667298,0.06834272382338788
991,0.09969426034212814,0.1971208176124776,0.09710187074020606
992,0.1412853279238099,0.2282203696758346,0.12824970830390595
993,0.10221675786894269,0.14286898369336093,0.09678417063810961
994,0.14820829096311233,0.2243185576635655,0.14401690166760966
995,0.0946277466450445,0.1364617950589357,0.08616759739821025
996,0.16651933970215027,0.18616733436499847,0.14629314521390385
997,0.12336363695400523,0.2061388697150784,0.11325436901101038
998,0.08690715002132537,0.17701944193769323,0.08755109942075245
999,0.10029011596664769,0.1900912173816615,0.10191386618361149
1000,0.09743203830686986,0.1980029516688314,0.08841507729414703
1001,0.10386138202734552,0.16638245388419984,0.09417755828579744
1002,0.10514739191279805,0.18879483804635264,0.0946250063099589
1003,0.19552603617445846,0.24544808632564477,0.18201312879253323
1004,0.10997765961377658,0.2295073866960445,0.10493808828759553
1005,0.0955029873984391,0.19666902802766253,0.09925977306781605
1006,0.11800067838486154,0.13765011564957733,0.09841253831780976
1007,0.10644164469556433,0.2348970919699792,0.10684436981786297
1008,0.1277927503115498,0.17474881568883996,0.1265331521961065
1009,0.09348235683401561,0.1544929572706642,0.10350046085990929
1010,0.12116551961057953,0.17975202664316503,0.11091920915310494
1011,0.13019595717162075,0.22613936943519322,0.13154867795629163
1012,0.16724072786317923,0.24023997608528116,0.1536779360947251
1013,0.11083597738007278,0.19758178279493635,0.11226384025918912
1014,0.1645215582975183,0.3094561991325929,0.1677327341193721
1015,0.09457469255331225,0.17773696603514133,0.08900608717530646
1016,0.09467393541166351,0.18911158218192606,0.08284570513600646
1017,0.10373748872926464,0.15888387430693832,0.0879294036748925
1018,0.08937099403056713,0.15341143477937272,0.08361560513762827
1019,0.22590818494678486,0.274081926867987,0.2138780205555486
1020,0.07614745657860485,0.13269449836741096,0.07834176321367964
1021,0.06724831260008791,0.14689092236602388,0.06345428371586154
1022,0.10285442476186579,0.20010302331915975,0.09671627876935288
1023,0.1566874473374467,0.19736500260016115,0.13749076863807427
1024,0.0950428998127914,0.21098081645928768,0.09191250218405268
1025,0.0779856475241292,0.19004139784384147,0.07482491572214194
1026,0.07957999085934932,0.19711376939155428,0.07954652693491857
1027,0.1811216982779155,0.2032191546946083,0.17096167055225886
1028,0.15402099162192473,0.20909528910888633,0.14144255414519918
1029,0.11898406644977663,0.28394523244954345,0.11261484319835131
1030,0.11454701707189593,0.28472138817385656,0.11046790496998606
1031,0.12702099379004797,0.20485408663328908,0.12172258733938897
1032,0.08511929668769908,0.184374862609065,0.0869881350142515
1033,0.07709883250194091,0.12451592395550204,0.07631946683357024
1034,0.09987177631975709,0.1633063335363219,0.07955818878039489
1035,0.08726503216316707,0.20085470225538984,0.0825145601963892
1036,0.13499489529437095,0.24516464354343884,0.1348935612806606
1037,0.1518227521351078,0.205399663254404,0.13612522649310757
1038,0.11103211283330089,0.22407614241495455,0.11031744006082082
1039,0.10806206637556487,0.17089821749505138,0.10875862475101586
1040,0.07714908345420814,0.15134667868800722,0.07590234490853336
1041,0.09158958334233794,0.16618051789203242,0.09242715921090724
1042,0.08834003717498592,0.25429467174687553,0.09152178179665289
1043,0.10551418952500956,0.17896072662293383,0.09887359609944807
1044,0.1801978651011801,0.22692656944586675,0.15294250915482085
1045,0.1824127321040715,0.12701575594255718,0.1598211167445381
1046,0.1036545946512629,0.18634783331844168,0.09900971748149612
1047,0.10011366801133939,0.21601715218977738,0.10337321406037618
1048,0.13716602085983817,0.20537032296846086,0.1290080842627816
1049,0.13860758243902993,0.16310143742004804,0.10961239945548935
1050,0.1013403263146297,0.12667875848780394,0.08815469612847482
1051,0.09634844445285397,0.16664946569862102,0.09634070490116481
1052,0.10098338097019599,0.17764352360711352,0.09713151142877673
1053,0.11479882483722564,0.14978239928351975,0.09728268707492002
1054,0.09263074634202013,0.17704435362811796,0.08520798386397499
1055,0.08530425460070645,0.21058705742589817,0.08779976518722789
1056,0.14280608413380644,0.2373144562985944,0.14082480566979408
1057,0.10286734424850946,0.22604088480993126,0.09731155329735859
1058,0.09959227586900256,0.2026673775574116,0.09764667151504362
1059,0.09274067456025034,0.15209822379780555,0.08312460029944652
1060,0.09584625597634754,0.1905652241995024,0.09507236830727385
1061,0.09290796677886452,0.22616689662953102,0.10546961567781135
1062,0.0968037824398381,0.2173359623101048,0.10091746802091786
1063,0.13964863342838663,0.23883274869862212,0.12325837807627703
1064,0.09414875662688808,0.16855669884399702,0.0887032453319423
1065,0.11698468556848483,0.23152997495594943,0.11364101354642636
1066,0.15188152579350864,0.21341743240209698,0.144492048673265
1067,0.07191629705063396,0.19872842053023757,0.0791588973088501
1068,0.13422125729292805,0.20367014159589344,0.1258403116314486
1069,0.14600374916044037,0.23702157880007504,0.13380199066132686
1070,0.12170098020313626,0.2498965742762457,0.1267451953320948
1071,0.08914461911689725,0.1458381957580352,0.07796022189238962
1072,0.07776662777928231,0.13334567630078165,0.07345304980538532
1073,0.1785284663843602,0.2066913160904866,0.15499986733968027
1074,0.1844085909440643,0.22525386734935,0.16079964274409145
1075,0.06848235993771007,0.12539038205191438,0.06985933560314261
1076,0.15121617541485508,0.19445373076645392,0.13179583852167134
1077,0.09886673626755106,0.2100973698859758,0.09262897544534995
1078,0.17240453233956385,0.2282409138355825,0.15520198576310218
1079,0.11606172022469263,0.17729496603586073,0.10881022443100473
1080,0.08310933281211212,0.1430146491756041,0.081760111754611
1081,0.1196616339952005,0.09649938882633811,0.11355336156268729
1082,0.0920265335531937,0.18437546456601459,0.0873424248930944
1083,0.10206994951435544,0.19233661082902642,0.10270348084577714
1084,0.07555632768391757,0.14097136210063674,0.0808513425117643
1085,0.07816427633424024,0.15590348983083213,0.07229731874764908
1086,0.12575085653133639,0.21742249649099016,0.11338352109516991
1087,0.08226220608641663,0.19754561344589086,0.091072703388394
1088,0.1677150398472162,0.20393056775168705,0.14405292952422455
1089,0.06783137515451794,0.16984512045395136,0.06423195482336902
1090,0.09035060233050816,0.2019226905583291,0.09538462780506243
1091,0.10338098479935115,0.16172658356204964,0.09734433682076334
1092,0.0997082083230451,0.1060521087680087,0.08918563064062068
1093,0.1132346607747407,0.15873197077018047,0.10555603091979808
1094,0.12187767127061679,0.18400000630548566,0.11823070385750468
1095,0.12054359238534226,0.18075772658312772,0.10780891940717621
1096,0.1000761615763326,0.1934847411089094,0.09337343970873396
1097,0.0569397573224961,0.13379809164767562,0.06444578091695963
1098,0.07858528585544042,0.12697974018485664,0.0562125312245215
1099,0.14746050284070908,0.1281676159892783,0.13410964685956311
1100,0.10783735132841192,0.2279800888577815,0.10458174703905912
1101,0.07230475851197526,0.16920679971871658,0.07451549316302468
1102,0.09321785993589349,0.26184081089036954,0.10124717600664923
1103,0.10315833103690196,0.19463696671098962,0.11038992816390154
1104,0.10916596375723027,0.20255647149896971,0.11586366622208459
1105,0.10825078806706333,0.189207428002139,0.10225382979672537
1106,0.10406686201666857,0.168412063510625,0.09583882045761541
1107,0.2004095413685339,0.2707313824512988,0.18258647369761072
1108,0.11013124771079334,0.22125531158899242,0.10826588860521556
1109,0.160791501049433,0.2047345423199871,0.14641999136013148
1110,0.1488169899836175,0.18419182069373977,0.10965711498810687
1111,0.1768135070136023,0.23117828604494917,0.16887641555320854
1112,0.15838808813464544,0.26375863428249285,0.1591904035502926
1113,0.10174909273743293,0.18841032362873164,0.09947773229756376
1114,0.106606367901423,0.11328139943029937,0.10345981600692167
1115,0.0983656339584405,0.214284506349865,0.09909312117125432
